Workbook

Sheet POA Summary
A1: PROCUREMENT PLAN (POA) - SUMMARY
A2: Client: _____Sovrn________________ | D2: Period: FY 2026 | Last Updated: _________
A4: 📊 KEY METRICS (Auto-calculated from Quarter sheets)
A5: Annual Savings Target: | B5: $___________ | D5: YTD Achieved: | E5: $___________ (____%)
A6: Total Pipeline: | B6: ='Q1'!E27+'Q2'!E27+'Q3'!E27+'Q4'!E27 -> 0 | D6: to | E6: ='Q1'!F27+'Q2'!F27+'Q3'!F27+'Q4'!F27 -> 0
A7: Total # of Deals: | B7: =COUNTA('Q1'!A6:A25)+COUNTA('Q2'!A6:A25)+COUNTA('Q3'!A6:A25)+COUNTA('Q4'!A6:A25) -> 0 | D7: Avg HIGH Confidence: | E7: =IF(COUNTA('Q1'!A6:A25)+COUNTA('Q2'!A6:A25)+COUNTA('Q3'!A6:A25)+COUNTA('Q4'!A6:A25)>0,ROUND((COUNTIF('Q1'!G6:G25,"● HIGH")+COUNTIF('Q2'!G6:G25,"● HIGH")+COUNTIF('Q3'!G6:G25,"● HIGH")+COUNTIF('Q4'!G6:G25,"● HIGH"))/COUNTA('Q1'!A6:A25)+COUNTA('Q2'!A6:A25)+COUNTA('Q3'!A6:A25)+COUNTA('Q4'!A6:A25)*100,0)&"%","")
A8: Alternatives Potential: | B8: (See Alternatives sheet) | D8: → Click tab to review
A10: ⚠️ IMPORTANT ASSUMPTIONS
A11: • All savings projections based on FLAT RENEWAL at current scope unless marked as Upgrade/Downgrade. • UPGRADES may reduce % savings due to higher base spend but still deliver absolute savings. • DOWNGRADES reduce absolute savings opportunity proportionally. • Final results depend on: scope stability, timely approvals, vendor cooperation, market conditions.
A13: QUARTERLY BREAKDOWN (Auto-populated from Quarter sheets)
A14: Quarter | B14: # Deals | C14: Savings Range (Low - High) | D14: % Deals HIGH Conf | E14: Overall Status | F14: Notes
A15: Q1 (Jan-Mar) | B15: =COUNTA('Q1'!A6:A25) -> 0 | C15: =IF('Q1'!E27>0,"$"&TEXT('Q1'!E27,"#,##0")&"K - $"&TEXT('Q1'!F27,"#,##0")&"K","") | D15: =IF(COUNTA('Q1'!A6:A25)>0,ROUND(COUNTIF('Q1'!G6:G25,"● HIGH")/COUNTA('Q1'!A6:A25)*100,0)&"%","")
A16: Q2 (Apr-Jun) | B16: =COUNTA('Q2'!A6:A25) -> 0 | C16: =IF('Q2'!E27>0,"$"&TEXT('Q2'!E27,"#,##0")&"K - $"&TEXT('Q2'!F27,"#,##0")&"K","") | D16: =IF(COUNTA('Q2'!A6:A25)>0,ROUND(COUNTIF('Q2'!G6:G25,"● HIGH")/COUNTA('Q2'!A6:A25)*100,0)&"%","")
A17: Q3 (Jul-Sep) | B17: =COUNTA('Q3'!A6:A25) -> 0 | C17: =IF('Q3'!E27>0,"$"&TEXT('Q3'!E27,"#,##0")&"K - $"&TEXT('Q3'!F27,"#,##0")&"K","") | D17: =IF(COUNTA('Q3'!A6:A25)>0,ROUND(COUNTIF('Q3'!G6:G25,"● HIGH")/COUNTA('Q3'!A6:A25)*100,0)&"%","")
A18: Q4 (Oct-Dec) | B18: =COUNTA('Q4'!A6:A25) -> 0 | C18: =IF('Q4'!E27>0,"$"&TEXT('Q4'!E27,"#,##0")&"K - $"&TEXT('Q4'!F27,"#,##0")&"K","") | D18: =IF(COUNTA('Q4'!A6:A25)>0,ROUND(COUNTIF('Q4'!G6:G25,"● HIGH")/COUNTA('Q4'!A6:A25)*100,0)&"%","")
A20: 🎯 KEY ACTIONS & RISKS
A21: Top Actions:
A22: Top Risks:
A23: Gap to Target: | B23: (Manually enter: If target is $200K and pipeline is $150-210K, gap analysis goes here)

Sheet Q1
A1: Q1 (Jan-Mar) RENEWAL DETAILS
A2: 📝 Enter all renewals for this quarter. POA Summary and Alternatives Analysis will auto-update.
A4: Tool / Vendor | B4: Renewal Date | C4: Current Spend ($K) | D4: Scenario | E4: Low Savings ($K) | F4: High Savings ($K) | G4: Confidence
A5: Scenario: 🟢 UPGRADE (adding users/modules) | 🟡 FLAT (same scope) | 🟠 DOWNGRADE (reducing users/modules)
A27: Q1 (Jan-Mar) SUBTOTAL | E27: =SUM(E6:E25) -> 0 | F27: =SUM(F6:F25) -> 0 | G27: =COUNTIF(G6:G25,"● HIGH")&"H "&COUNTIF(G6:G25,"◐ MEDIUM")&"M "&COUNTIF(G6:G25,"○ LOW")&"L" -> 0H 0M 0L

Sheet Q2
A1: Q2 (Apr-Jun) RENEWAL DETAILS
A2: 📝 Enter all renewals for this quarter. POA Summary and Alternatives Analysis will auto-update.
A4: Tool / Vendor | B4: Renewal Date | C4: Current Spend ($K) | D4: Scenario | E4: Low Savings ($K) | F4: High Savings ($K) | G4: Confidence
A5: Scenario: 🟢 UPGRADE (adding users/modules) | 🟡 FLAT (same scope) | 🟠 DOWNGRADE (reducing users/modules)
A27: Q2 (Apr-Jun) SUBTOTAL | E27: =SUM(E6:E25) -> 0 | F27: =SUM(F6:F25) -> 0 | G27: =COUNTIF(G6:G25,"● HIGH")&"H "&COUNTIF(G6:G25,"◐ MEDIUM")&"M "&COUNTIF(G6:G25,"○ LOW")&"L" -> 0H 0M 0L

Sheet Q3
A1: Q3 (Jul-Sep) RENEWAL DETAILS
A2: 📝 Enter all renewals for this quarter. POA Summary and Alternatives Analysis will auto-update.
A4: Tool / Vendor | B4: Renewal Date | C4: Current Spend ($K) | D4: Scenario | E4: Low Savings ($K) | F4: High Savings ($K) | G4: Confidence
A5: Scenario: 🟢 UPGRADE (adding users/modules) | 🟡 FLAT (same scope) | 🟠 DOWNGRADE (reducing users/modules)
A27: Q3 (Jul-Sep) SUBTOTAL | E27: =SUM(E6:E25) -> 0 | F27: =SUM(F6:F25) -> 0 | G27: =COUNTIF(G6:G25,"● HIGH")&"H "&COUNTIF(G6:G25,"◐ MEDIUM")&"M "&COUNTIF(G6:G25,"○ LOW")&"L" -> 0H 0M 0L

Sheet Q4
A1: Q4 (Oct-Dec) RENEWAL DETAILS
A2: 📝 Enter all renewals for this quarter. POA Summary and Alternatives Analysis will auto-update.
A4: Tool / Vendor | B4: Renewal Date | C4: Current Spend ($K) | D4: Scenario | E4: Low Savings ($K) | F4: High Savings ($K) | G4: Confidence
A5: Scenario: 🟢 UPGRADE (adding users/modules) | 🟡 FLAT (same scope) | 🟠 DOWNGRADE (reducing users/modules)
A27: Q4 (Oct-Dec) SUBTOTAL | E27: =SUM(E6:E25) -> 0 | F27: =SUM(F6:F25) -> 0 | G27: =COUNTIF(G6:G25,"● HIGH")&"H "&COUNTIF(G6:G25,"◐ MEDIUM")&"M "&COUNTIF(G6:G25,"○ LOW")&"L" -> 0H 0M 0L

Sheet Alternatives Analysis
A1: ALTERNATIVES & OPTIMIZATION OPPORTUNITIES
A2: 💡 This sheet identifies tools in the TOP 10% of quarterly spend that may have cost-effective alternatives. Evaluate these 6+ months before renewal. If any request needs to be actioned it will take place only after having request raised by the customer on Spendlfo Platform - 120 days prior.
A4: 📊 OPPORTUNITY SUMMARY (Auto-Flagged from Quarter Sheets)
A5: Total Tools Tracked: | B5: =COUNTA('Q1'!A6:A25)+COUNTA('Q2'!A6:A25)+COUNTA('Q3'!A6:A25)+COUNTA('Q4'!A6:A25) -> 0 | D5: Total Quarterly Spend: | E5: =SUM('Q1'!C6:C25)+SUM('Q2'!C6:C25)+SUM('Q3'!C6:C25)+SUM('Q4'!C6:C25) -> 0 | G5: Top 10% Threshold:
A6: Top 10% Candidates: | B6: (Manual count of tools flagged below) | D6: Potential Annual Savings: | E6: (Sum of savings column below) | G6: Tools >$___ qualify
A8: ALTERNATIVES EVALUATION (Enter Top 10% Spend Tools Below)
A9: Tool / Vendor | B9: Current Cost ($K/yr) | C9: Renewal Quarter | D9: Alternative Option(s) | E9: Potential Savings ($K) | F9: Migration Effort | G9: Status | H9: Target Decision
